<?xml version="1.0" encoding="utf-8" ?>
<TrainingData>
    <ToolVersion>
        <Major>1</Major>
        <Minor>1</Minor>
        <Revision>0</Revision>
        <Build>3670</Build>
    </ToolVersion>
    <TrackingObjects Count="3">
        <TrackingObject Type="Image">
            <Name>bamboo</Name>
            <Width>250.000000</Width>
            <Height>187.500000</Height>
        </TrackingObject>
        <TrackingObject Type="Image">
            <Name>monkeys</Name>
            <Width>250.000000</Width>
            <Height>187.500000</Height>
        </TrackingObject>
        <TrackingObject Type="Image">
            <Name>sakura</Name>
            <Width>250.000000</Width>
            <Height>187.500000</Height>
        </TrackingObject>
    </TrackingObjects>
</TrainingData>
